company_id,company_name,primary_category,all_categories,aliases,allowed,notes
1x_technologies,1X Technologies,AI & ML,"AI & ML | Defense, Aerospace & Robotics",1X,true,
ally,Ally,Banks & Financial Services,Banks & Financial Services,,true,
adobe,Adobe,Big Tech & Consumer,Big Tech & Consumer,,true,
airbyte,Airbyte,"Cloud, Infra & DevTools","Cloud, Infra & DevTools",,true,
18f,18F,"Consulting, GovTech & IT Services","Consulting, GovTech & IT Services",,true,
1password,1Password,Cybersecurity,Cybersecurity,,true,
agility_robotics,Agility Robotics,"Defense, Aerospace & Robotics","Defense, Aerospace & Robotics",,true,
abb,ABB,"Energy, Climate & Industrial Tech","Energy, Climate & Industrial Tech",,true,
6sense,6sense,Enterprise SaaS,Enterprise SaaS,,true,
acorns,Acorns,Fintech & Payments,Fintech & Payments,,true,
2k,2K,Gaming & Media,Gaming & Media,,true,
23andme,23andMe,Healthcare & BioTech Tech,Healthcare & BioTech Tech,,true,
3red_partners,3Red Partners,Quant Trading & HFT,Quant Trading & HFT,,true,
adidas,Adidas,"Retail, Logistics & Travel","Retail, Logistics & Travel",,true,
ambarella,Ambarella,Semiconductors & Hardware,Semiconductors & Hardware,,true,
aircall,Aircall,Startups & Unicorns,Startups & Unicorns,,true,
abridge,Abridge,AI & ML,AI & ML,,true,
american_express,American Express,Banks & Financial Services,Banks & Financial Services,,true,
airbnb,Airbnb,Big Tech & Consumer,"Big Tech & Consumer | Retail, Logistics & Travel",,true,
airflow,Airflow,"Cloud, Infra & DevTools","Cloud, Infra & DevTools",,true,
accenture,Accenture,"Consulting, GovTech & IT Services","Consulting, GovTech & IT Services",,true,
abnormal_security,Abnormal Security,Cybersecurity,Cybersecurity,,true,
anduril_industries,Anduril Industries,"Defense, Aerospace & Robotics","Defense, Aerospace & Robotics",,true,
arcadia,Arcadia,"Energy, Climate & Industrial Tech","Energy, Climate & Industrial Tech",,true,
activecampaign,ActiveCampaign,Enterprise SaaS,Enterprise SaaS,,true,
adyen,Adyen,Fintech & Payments,Fintech & Payments,,true,
activision,Activision,Gaming & Media,Gaming & Media,,true,
abbott,Abbott,Healthcare & BioTech Tech,Healthcare & BioTech Tech,,true,
akuna_capital,Akuna Capital,Quant Trading & HFT,Quant Trading & HFT,,true,
alaska_airlines,Alaska Airlines,"Retail, Logistics & Travel","Retail, Logistics & Travel",,true,
ampere_computing,Ampere Computing,Semiconductors & Hardware,Semiconductors & Hardware,,true,
alloy_automation,Alloy Automation,Startups & Unicorns,Startups & Unicorns,,true,
adept_ai,Adept AI,AI & ML,AI & ML,Adept,true,
baird,Baird,Banks & Financial Services,Banks & Financial Services,,true,
alltrails,AllTrails,Big Tech & Consumer,Big Tech & Consumer,,true,
akamai,Akamai,"Cloud, Infra & DevTools","Cloud, Infra & DevTools",,true,
argonne_national_laboratory,Argonne National Laboratory,"Consulting, GovTech & IT Services","Consulting, GovTech & IT Services",,true,
arctic_wolf,Arctic Wolf,Cybersecurity,Cybersecurity,,true,
astra,Astra,"Defense, Aerospace & Robotics","Defense, Aerospace & Robotics",,true,
aurora_solar,Aurora Solar,"Energy, Climate & Industrial Tech","Energy, Climate & Industrial Tech",,true,
adp,ADP,Enterprise SaaS,Enterprise SaaS,,true,
affirm,Affirm,Fintech & Payments,Fintech & Payments,,true,
axios,Axios,Gaming & Media,Gaming & Media,,true,
aetna,Aetna,Healthcare & BioTech Tech,Healthcare & BioTech Tech,,true,
allston_trading,Allston Trading,Quant Trading & HFT,Quant Trading & HFT,,true,
albertsons,Albertsons,"Retail, Logistics & Travel","Retail, Logistics & Travel",,true,
analog_devices,Analog Devices,Semiconductors & Hardware,Semiconductors & Hardware,,true,
angellist,AngelList,Startups & Unicorns,Startups & Unicorns,,true,
alphasense,AlphaSense,AI & ML,AI & ML,,true,
bank_of_america,Bank of America,Banks & Financial Services,Banks & Financial Services,BoA | BofA,true,
amazon,Amazon,Big Tech & Consumer,Big Tech & Consumer,AMZN | AWS,true,
anaconda,Anaconda,"Cloud, Infra & DevTools","Cloud, Infra & DevTools",,true,
bain_and_company,Bain & Company,"Consulting, GovTech & IT Services","Consulting, GovTech & IT Services",Bain &,true,
at_bay,At-Bay,Cybersecurity,Cybersecurity,,true,
astranis,Astranis,"Defense, Aerospace & Robotics","Defense, Aerospace & Robotics",,true,
autogrid,AutoGrid,"Energy, Climate & Industrial Tech","Energy, Climate & Industrial Tech",,true,
airtable,Airtable,Enterprise SaaS,Enterprise SaaS | Startups & Unicorns,,true,
airwallex,Airwallex,Fintech & Payments,Fintech & Payments,,true,
bandai_namco,Bandai Namco,Gaming & Media,Gaming & Media,,true,
amgen,Amgen,Healthcare & BioTech Tech,Healthcare & BioTech Tech,,true,
aqr_capital_management,AQR Capital Management,Quant Trading & HFT,Quant Trading & HFT,AQR | AQR Capital,true,
amazon_retail,Amazon Retail,"Retail, Logistics & Travel","Retail, Logistics & Travel",,true,
apple_silicon,Apple Silicon,Semiconductors & Hardware,Semiconductors & Hardware,,true,
angellist_talent,AngelList Talent,Startups & Unicorns,Startups & Unicorns,,true,
ambience_healthcare,Ambience Healthcare,AI & ML,AI & ML,,true,
bank_of_new_york_mellon,Bank of New York Mellon,Banks & Financial Services,Banks & Financial Services,,true,
amd,AMD,Big Tech & Consumer,Big Tech & Consumer | Semiconductors & Hardware,,true,
argo_cd,Argo CD,"Cloud, Infra & DevTools","Cloud, Infra & DevTools",,true,
battelle,Battelle,"Consulting, GovTech & IT Services","Consulting, GovTech & IT Services",,true,
axonius,Axonius,Cybersecurity,Cybersecurity,,true,
aurora,Aurora,"Defense, Aerospace & Robotics","Defense, Aerospace & Robotics",,true,
bloom_energy,Bloom Energy,"Energy, Climate & Industrial Tech","Energy, Climate & Industrial Tech",,true,
amplitude,Amplitude,Enterprise SaaS,Enterprise SaaS,,true,
alloy,Alloy,Fintech & Payments,Fintech & Payments,,true,
bethesda,Bethesda,Gaming & Media,Gaming & Media,,true,
amwell,Amwell,Healthcare & BioTech Tech,Healthcare & BioTech Tech,,true,
aquatic_capital_management,Aquatic Capital Management,Quant Trading & HFT,Quant Trading & HFT,Aquatic | Aquatic Capital,true,
american_airlines,American Airlines,"Retail, Logistics & Travel","Retail, Logistics & Travel",,true,
applied_materials,Applied Materials,Semiconductors & Hardware,Semiconductors & Hardware,,true,
ascend_io,Ascend.io,Startups & Unicorns,Startups & Unicorns,,true,
anduril,Anduril,AI & ML,AI & ML,,true,
barclays,Barclays,Banks & Financial Services,Banks & Financial Services,,true,
aol,AOL,Big Tech & Consumer,Big Tech & Consumer,,true,
astronomer,Astronomer,"Cloud, Infra & DevTools","Cloud, Infra & DevTools",,true,
booz_allen_hamilton,Booz Allen Hamilton,"Consulting, GovTech & IT Services","Consulting, GovTech & IT Services | Defense, Aerospace & Robotics",,true,
beyondtrust,BeyondTrust,Cybersecurity,Cybersecurity,,true,
axiom_space,Axiom Space,"Defense, Aerospace & Robotics","Defense, Aerospace & Robotics",,true,
c3_ai,C3 AI,"Energy, Climate & Industrial Tech","Energy, Climate & Industrial Tech",C3,true,
ansys,Ansys,Enterprise SaaS,Enterprise SaaS | Semiconductors & Hardware,,true,
anchorage_digital,Anchorage Digital,Fintech & Payments,Fintech & Payments,,true,
blizzard_entertainment,Blizzard Entertainment,Gaming & Media,Gaming & Media,Blizzard,true,
astrazeneca,AstraZeneca,Healthcare & BioTech Tech,Healthcare & BioTech Tech,,true,
balyasny_asset_management,Balyasny Asset Management,Quant Trading & HFT,Quant Trading & HFT,Balyasny Asset,true,
best_buy,Best Buy,"Retail, Logistics & Travel","Retail, Logistics & Travel",,true,
arduino,Arduino,Semiconductors & Hardware,Semiconductors & Hardware,,true,
bench,Bench,Startups & Unicorns,Startups & Unicorns,,true,
anthropic,Anthropic,AI & ML,AI & ML,Claude,true,
blackrock,BlackRock,Banks & Financial Services,Banks & Financial Services,,true,
apple,Apple,Big Tech & Consumer,Big Tech & Consumer,AAPL,true,
atlassian,Atlassian,"Cloud, Infra & DevTools","Cloud, Infra & DevTools | Enterprise SaaS",,true,
boston_consulting_group,Boston Consulting Group,"Consulting, GovTech & IT Services","Consulting, GovTech & IT Services",Boston Consulting,true,
bishop_fox,Bishop Fox,Cybersecurity,Cybersecurity,,true,
bae_systems,BAE Systems,"Defense, Aerospace & Robotics","Defense, Aerospace & Robotics",BAE,true,
carbon_engineering,Carbon Engineering,"Energy, Climate & Industrial Tech","Energy, Climate & Industrial Tech",,true,
apollo_io,Apollo.io,Enterprise SaaS,Enterprise SaaS,,true,
apex_fintech_solutions,Apex Fintech Solutions,Fintech & Payments,Fintech & Payments,,true,
bloomberg_media,Bloomberg Media,Gaming & Media,Gaming & Media,,true,
athenahealth,athenahealth,Healthcare & BioTech Tech,Healthcare & BioTech Tech,,true,
belvedere_trading,Belvedere Trading,Quant Trading & HFT,Quant Trading & HFT,,true,
c_h_robinson,C.H. Robinson,"Retail, Logistics & Travel","Retail, Logistics & Travel",,true,
arm,Arm,Semiconductors & Hardware,Semiconductors & Hardware,,true,
betterup,BetterUp,Startups & Unicorns,Startups & Unicorns,,true,
anysphere,Anysphere,AI & ML,AI & ML,Cursor,true,
bloomberg,Bloomberg,Banks & Financial Services,Banks & Financial Services,Bloomberg LP,true,
audible,Audible,Big Tech & Consumer,Big Tech & Consumer,,true,
auth0,Auth0,"Cloud, Infra & DevTools","Cloud, Infra & DevTools | Cybersecurity",,true,
caci,CACI,"Consulting, GovTech & IT Services","Consulting, GovTech & IT Services | Defense, Aerospace & Robotics",,true,
bitwarden,Bitwarden,Cybersecurity,Cybersecurity,,true,
blacksky,BlackSky,"Defense, Aerospace & Robotics","Defense, Aerospace & Robotics",,true,
carboncure,CarbonCure,"Energy, Climate & Industrial Tech","Energy, Climate & Industrial Tech",,true,
appfolio,AppFolio,Enterprise SaaS,Enterprise SaaS,,true,
betterment,Betterment,Fintech & Payments,Fintech & Payments,,true,
bungie,Bungie,Gaming & Media,Gaming & Media,,true,
bayer,Bayer,Healthcare & BioTech Tech,Healthcare & BioTech Tech,,true,
bluecrest_capital_management,BlueCrest Capital Management,Quant Trading & HFT,Quant Trading & HFT,BlueCrest | BlueCrest Capital,true,
caesars_entertainment,Caesars Entertainment,"Retail, Logistics & Travel","Retail, Logistics & Travel",Caesars,true,
asml,ASML,Semiconductors & Hardware,Semiconductors & Hardware,,true,
bubble,Bubble,Startups & Unicorns,Startups & Unicorns,,true,
applied_intuition,Applied Intuition,AI & ML,"AI & ML | Defense, Aerospace & Robotics",,true,
bny,BNY,Banks & Financial Services,Banks & Financial Services,,true,
automattic,Automattic,Big Tech & Consumer,Big Tech & Consumer,,true,
aws,AWS,"Cloud, Infra & DevTools","Cloud, Infra & DevTools",,true,
capgemini,Capgemini,"Consulting, GovTech & IT Services","Consulting, GovTech & IT Services",,true,
black_duck,Black Duck,Cybersecurity,Cybersecurity,,true,
blue_origin,Blue Origin,"Defense, Aerospace & Robotics","Defense, Aerospace & Robotics",,true,
chargepoint,ChargePoint,"Energy, Climate & Industrial Tech","Energy, Climate & Industrial Tech",,true,
asana,Asana,Enterprise SaaS,Enterprise SaaS,,true,
bill,BILL,Fintech & Payments,Fintech & Payments,,true,
buzzfeed,BuzzFeed,Gaming & Media,Gaming & Media,,true,
benchling,Benchling,Healthcare & BioTech Tech,Healthcare & BioTech Tech | Startups & Unicorns,,true,
brevan_howard,Brevan Howard,Quant Trading & HFT,Quant Trading & HFT,,true,
carnival,Carnival,"Retail, Logistics & Travel","Retail, Logistics & Travel",,true,
astera_labs,Astera Labs,Semiconductors & Hardware,Semiconductors & Hardware,Astera,true,
buoyant,Buoyant,Startups & Unicorns,Startups & Unicorns,,true,
atomwise,Atomwise,AI & ML,AI & ML | Healthcare & BioTech Tech,,true,
capital_one,Capital One,Banks & Financial Services,Banks & Financial Services,C1 | CapOne,true,
block,Block,Big Tech & Consumer,Big Tech & Consumer,Square,true,
browserstack,BrowserStack,"Cloud, Infra & DevTools","Cloud, Infra & DevTools",,true,
cgi,CGI,"Consulting, GovTech & IT Services","Consulting, GovTech & IT Services",,true,
bugcrowd,Bugcrowd,Cybersecurity,Cybersecurity,,true,
boeing,Boeing,"Defense, Aerospace & Robotics","Defense, Aerospace & Robotics",,true,
charm_industrial,Charm Industrial,"Energy, Climate & Industrial Tech","Energy, Climate & Industrial Tech",,true,
autodesk,Autodesk,Enterprise SaaS,Enterprise SaaS,,true,
bill_com,Bill.com,Fintech & Payments,Fintech & Payments,,true,
capcom,Capcom,Gaming & Media,Gaming & Media,,true,
biogen,Biogen,Healthcare & BioTech Tech,Healthcare & BioTech Tech,,true,
bridgewater_associates,Bridgewater Associates,Quant Trading & HFT,Quant Trading & HFT,,true,
chick_fil_a,Chick-fil-A,"Retail, Logistics & Travel","Retail, Logistics & Travel",,true,
ayar_labs,Ayar Labs,Semiconductors & Hardware,Semiconductors & Hardware,Ayar,true,
calm,Calm,Startups & Unicorns,Startups & Unicorns,,true,
baseten,Baseten,AI & ML,AI & ML,,true,
cboe,Cboe,Banks & Financial Services,Banks & Financial Services,,true,
booking_holdings,Booking Holdings,Big Tech & Consumer,"Big Tech & Consumer | Retail, Logistics & Travel",,true,
buildkite,Buildkite,"Cloud, Infra & DevTools","Cloud, Infra & DevTools",,true,
cia,CIA,"Consulting, GovTech & IT Services","Consulting, GovTech & IT Services",,true,
cato_networks,Cato Networks,Cybersecurity,Cybersecurity,,true,
boston_dynamics,Boston Dynamics,"Defense, Aerospace & Robotics","Defense, Aerospace & Robotics",,true,
climeworks,Climeworks,"Energy, Climate & Industrial Tech","Energy, Climate & Industrial Tech",,true,
bentley_systems,Bentley Systems,Enterprise SaaS,Enterprise SaaS,Bentley,true,
bitgo,BitGo,Fintech & Payments,Fintech & Payments,,true,
disney_streaming,Disney Streaming,Gaming & Media,Gaming & Media,,true,
boston_scientific,Boston Scientific,Healthcare & BioTech Tech,Healthcare & BioTech Tech,,true,
capula_investment_management,Capula Investment Management,Quant Trading & HFT,Quant Trading & HFT,Capula Investment,true,
chipotle,Chipotle,"Retail, Logistics & Travel","Retail, Logistics & Travel",,true,
bmw_group_technology,BMW Group Technology,Semiconductors & Hardware,Semiconductors & Hardware,BMW Group,true,
census,Census,Startups & Unicorns,Startups & Unicorns,,true,
boston_dynamics_ai_institute,Boston Dynamics AI Institute,AI & ML,AI & ML,,true,
charles_schwab,Charles Schwab,Banks & Financial Services,Banks & Financial Services,,true,
box,Box,Big Tech & Consumer,Big Tech & Consumer | Enterprise SaaS,,true,
canonical,Canonical,"Cloud, Infra & DevTools","Cloud, Infra & DevTools",,true,
code_for_america,Code for America,"Consulting, GovTech & IT Services","Consulting, GovTech & IT Services",,true,
check_point,Check Point,Cybersecurity,Cybersecurity,,true,
capella_space,Capella Space,"Defense, Aerospace & Robotics","Defense, Aerospace & Robotics",,true,
commonwealth_fusion_systems,Commonwealth Fusion Systems,"Energy, Climate & Industrial Tech","Energy, Climate & Industrial Tech",Commonwealth Fusion,true,
boulevard,Boulevard,Enterprise SaaS,Enterprise SaaS,,true,
blend,Blend,Fintech & Payments,Fintech & Payments,,true,
dreamworks_animation,DreamWorks Animation,Gaming & Media,Gaming & Media,,true,
bristol_myers_squibb,Bristol Myers Squibb,Healthcare & BioTech Tech,Healthcare & BioTech Tech,,true,
chicago_trading_company,Chicago Trading Company,Quant Trading & HFT,Quant Trading & HFT,Chicago Trading,true,
convoy,Convoy,"Retail, Logistics & Travel","Retail, Logistics & Travel | Startups & Unicorns",,true,
bose,Bose,Semiconductors & Hardware,Semiconductors & Hardware,,true,
clerk,Clerk,Startups & Unicorns,Startups & Unicorns,,true,
cerebras,Cerebras,AI & ML,AI & ML | Semiconductors & Hardware,,true,
cibc,CIBC,Banks & Financial Services,Banks & Financial Services,,true,
broadcom,Broadcom,Big Tech & Consumer,Big Tech & Consumer | Semiconductors & Hardware,,true,
chainguard,Chainguard,"Cloud, Infra & DevTools","Cloud, Infra & DevTools",,true,
cognizant,Cognizant,"Consulting, GovTech & IT Services","Consulting, GovTech & IT Services",,true,
checkmarx,Checkmarx,Cybersecurity,Cybersecurity,,true,
carbon_robotics,Carbon Robotics,"Defense, Aerospace & Robotics","Defense, Aerospace & Robotics",,true,
electrify_america,Electrify America,"Energy, Climate & Industrial Tech","Energy, Climate & Industrial Tech",,true,
braze,Braze,Enterprise SaaS,Enterprise SaaS,,true,
blockchain_com,Blockchain.com,Fintech & Payments,Fintech & Payments,,true,
ea,EA,Gaming & Media,Gaming & Media,,true,
calico,Calico,Healthcare & BioTech Tech,Healthcare & BioTech Tech,,true,
citadel,Citadel,Quant Trading & HFT,Quant Trading & HFT,,true,
costco,Costco,"Retail, Logistics & Travel","Retail, Logistics & Travel",,true,
cadence_design_systems,Cadence Design Systems,Semiconductors & Hardware,Semiconductors & Hardware,Cadence Design,true,
clerk_dev,Clerk.dev,Startups & Unicorns,Startups & Unicorns,,true,
character_ai,Character.AI,AI & ML,AI & ML,,true,
citadel_llc,Citadel LLC,Banks & Financial Services,Banks & Financial Services,,true,
bytedance,ByteDance,Big Tech & Consumer,Big Tech & Consumer,TikTok parent,true,
chronosphere,Chronosphere,"Cloud, Infra & DevTools","Cloud, Infra & DevTools",,true,
deloitte,Deloitte,"Consulting, GovTech & IT Services","Consulting, GovTech & IT Services",,true,
claroty,Claroty,Cybersecurity,Cybersecurity,,true,
caterpillar,Caterpillar,"Defense, Aerospace & Robotics","Defense, Aerospace & Robotics | Energy, Climate & Industrial Tech",,true,
emerson,Emerson,"Energy, Climate & Industrial Tech","Energy, Climate & Industrial Tech",,true,
canva,Canva,Enterprise SaaS,Enterprise SaaS | Startups & Unicorns,,true,
brex,Brex,Fintech & Payments,Fintech & Payments | Startups & Unicorns,,true,
electronic_arts,Electronic Arts,Gaming & Media,Gaming & Media,,true,
carbon_health,Carbon Health,Healthcare & BioTech Tech,Healthcare & BioTech Tech,,true,
citadel_gqs,Citadel GQS,Quant Trading & HFT,Quant Trading & HFT,,true,
delta_air_lines,Delta Air Lines,"Retail, Logistics & Travel","Retail, Logistics & Travel",,true,
cerebras_systems,Cerebras Systems,Semiconductors & Hardware,Semiconductors & Hardware,Cerebras,true,
clickup,ClickUp,Startups & Unicorns,Startups & Unicorns,,true,
chroma,Chroma,AI & ML,AI & ML,,true,
citi,Citi,Banks & Financial Services,Banks & Financial Services,,true,
carvana,Carvana,Big Tech & Consumer,Big Tech & Consumer,,true,
circleci,CircleCI,"Cloud, Infra & DevTools","Cloud, Infra & DevTools",,true,
department_of_defense,Department of Defense,"Consulting, GovTech & IT Services","Consulting, GovTech & IT Services",,true,
cloudflare_security,Cloudflare Security,Cybersecurity,Cybersecurity,,true,
coco_robotics,Coco Robotics,"Defense, Aerospace & Robotics","Defense, Aerospace & Robotics",,true,
enphase_energy,Enphase Energy,"Energy, Climate & Industrial Tech","Energy, Climate & Industrial Tech",,true,
churnzero,ChurnZero,Enterprise SaaS,Enterprise SaaS,,true,
brex_treasury,Brex Treasury,Fintech & Payments,Fintech & Payments,,true,
epic_games,Epic Games,Gaming & Media,Gaming & Media,,true,
cerner,Cerner,Healthcare & BioTech Tech,Healthcare & BioTech Tech,,true,
citadel_securities,Citadel Securities,Quant Trading & HFT,Quant Trading & HFT,CitSec,true,
dhl,DHL,"Retail, Logistics & Travel","Retail, Logistics & Travel",,true,
cirrus_logic,Cirrus Logic,Semiconductors & Hardware,Semiconductors & Hardware,,true,
coalesce,Coalesce,Startups & Unicorns,Startups & Unicorns,,true,
codeium,Codeium,AI & ML,AI & ML,,true,
citigroup,Citigroup,Banks & Financial Services,Banks & Financial Services,,true,
chewy,Chewy,Big Tech & Consumer,"Big Tech & Consumer | Retail, Logistics & Travel",,true,
clickhouse,ClickHouse,"Cloud, Infra & DevTools","Cloud, Infra & DevTools",,true,
dxc_technology,DXC Technology,"Consulting, GovTech & IT Services","Consulting, GovTech & IT Services",DXC,true,
coalition,Coalition,Cybersecurity,Cybersecurity,,true,
collins_aerospace,Collins Aerospace,"Defense, Aerospace & Robotics","Defense, Aerospace & Robotics",,true,
evgo,EVgo,"Energy, Climate & Industrial Tech","Energy, Climate & Industrial Tech",,true,
clari,Clari,Enterprise SaaS,Enterprise SaaS,,true,
carta,Carta,Fintech & Payments,Fintech & Payments | Startups & Unicorns,,true,
espn,ESPN,Gaming & Media,Gaming & Media,,true,
cigna,Cigna,Healthcare & BioTech Tech,Healthcare & BioTech Tech,,true,
cubist_systematic_strategies,Cubist Systematic Strategies,Quant Trading & HFT,Quant Trading & HFT,,true,
disney_parks,Disney Parks,"Retail, Logistics & Travel","Retail, Logistics & Travel",,true,
d_matrix,d-Matrix,Semiconductors & Hardware,Semiconductors & Hardware,,true,
coda,Coda,Startups & Unicorns,Startups & Unicorns,,true,
cognition_ai,Cognition AI,AI & ML,AI & ML,Cognition,true,
citizens_bank,Citizens Bank,Banks & Financial Services,Banks & Financial Services,,true,
cisco,Cisco,Big Tech & Consumer,Big Tech & Consumer,,true,
cloudflare,Cloudflare,"Cloud, Infra & DevTools","Cloud, Infra & DevTools",,true,
epam_systems,EPAM Systems,"Consulting, GovTech & IT Services","Consulting, GovTech & IT Services",EPAM,true,
crowdstrike,CrowdStrike,Cybersecurity,Cybersecurity,,true,
cruise,Cruise,"Defense, Aerospace & Robotics","Defense, Aerospace & Robotics",,true,
fervo_energy,Fervo Energy,"Energy, Climate & Industrial Tech","Energy, Climate & Industrial Tech",,true,
constant_contact,Constant Contact,Enterprise SaaS,Enterprise SaaS,,true,
chainalysis,Chainalysis,Fintech & Payments,Fintech & Payments,,true,
fandango,Fandango,Gaming & Media,Gaming & Media,,true,
cityblock_health,Cityblock Health,Healthcare & BioTech Tech,Healthcare & BioTech Tech | Startups & Unicorns,,true,
cumberland,Cumberland,Quant Trading & HFT,Quant Trading & HFT,,true,
domino_s,Domino's,"Retail, Logistics & Travel","Retail, Logistics & Travel",,true,
enfabrica,Enfabrica,Semiconductors & Hardware,Semiconductors & Hardware,,true,
codat,Codat,Startups & Unicorns,Startups & Unicorns,,true,
cohere,Cohere,AI & ML,AI & ML,,true,
cme_group,CME Group,Banks & Financial Services,Banks & Financial Services,CME,true,
dell_technologies,Dell Technologies,Big Tech & Consumer,Big Tech & Consumer,Dell,true,
cloudsmith,Cloudsmith,"Cloud, Infra & DevTools","Cloud, Infra & DevTools",,true,
esri,Esri,"Consulting, GovTech & IT Services","Consulting, GovTech & IT Services | Energy, Climate & Industrial Tech",,true,
cyberark,CyberArk,Cybersecurity,Cybersecurity,,true,
dji,DJI,"Defense, Aerospace & Robotics","Defense, Aerospace & Robotics",,true,
first_solar,First Solar,"Energy, Climate & Industrial Tech","Energy, Climate & Industrial Tech",,true,
contentsquare,Contentsquare,Enterprise SaaS,Enterprise SaaS,,true,
checkout_com,Checkout.com,Fintech & Payments,Fintech & Payments,,true,
hasbro,Hasbro,Gaming & Media,Gaming & Media,,true,
color_health,Color Health,Healthcare & BioTech Tech,Healthcare & BioTech Tech,,true,
de_shaw,DE Shaw,Quant Trading & HFT,Quant Trading & HFT,D. E. Shaw | D.E. Shaw,true,
fedex,FedEx,"Retail, Logistics & Travel","Retail, Logistics & Travel",,true,
etched,Etched,Semiconductors & Hardware,Semiconductors & Hardware,,true,
collective_health,Collective Health,Startups & Unicorns,Startups & Unicorns,,true,
coreweave,CoreWeave,AI & ML,AI & ML,,true,
comerica,Comerica,Banks & Financial Services,Banks & Financial Services,,true,
discord,Discord,Big Tech & Consumer,Big Tech & Consumer | Gaming & Media,,true,
cockroach_labs,Cockroach Labs,"Cloud, Infra & DevTools","Cloud, Infra & DevTools",Cockroach,true,
ey,EY,"Consulting, GovTech & IT Services","Consulting, GovTech & IT Services",,true,
darktrace,Darktrace,Cybersecurity,Cybersecurity,,true,
epirus,Epirus,"Defense, Aerospace & Robotics","Defense, Aerospace & Robotics",,true,
fluence,Fluence,"Energy, Climate & Industrial Tech","Energy, Climate & Industrial Tech",,true,
cvent,Cvent,Enterprise SaaS,Enterprise SaaS,,true,
chime,Chime,Fintech & Payments,Fintech & Payments,,true,
id_software,id Software,Gaming & Media,Gaming & Media,id,true,
cvs_health,CVS Health,Healthcare & BioTech Tech,Healthcare & BioTech Tech,,true,
drw,DRW,Quant Trading & HFT,Quant Trading & HFT,,true,
flock_freight,Flock Freight,"Retail, Logistics & Travel","Retail, Logistics & Travel | Startups & Unicorns",,true,
fitbit,Fitbit,Semiconductors & Hardware,Semiconductors & Hardware,,true,
convex,Convex,Startups & Unicorns,Startups & Unicorns,,true,
covariant,Covariant,AI & ML,AI & ML,,true,
credit_suisse,Credit Suisse,Banks & Financial Services,Banks & Financial Services,,true,
doordash,DoorDash,Big Tech & Consumer,"Big Tech & Consumer | Retail, Logistics & Travel",,true,
codesandbox,CodeSandbox,"Cloud, Infra & DevTools","Cloud, Infra & DevTools",,true,
fbi,FBI,"Consulting, GovTech & IT Services","Consulting, GovTech & IT Services",,true,
dashlane,Dashlane,Cybersecurity,Cybersecurity,,true,
farmwise,FarmWise,"Defense, Aerospace & Robotics","Defense, Aerospace & Robotics",,true,
ford,Ford,"Energy, Climate & Industrial Tech","Energy, Climate & Industrial Tech | Semiconductors & Hardware",,true,
dassault_systemes,Dassault Systemes,Enterprise SaaS,Enterprise SaaS,,true,
circle,Circle,Fintech & Payments,Fintech & Payments,,true,
industrial_light_and_magic,Industrial Light & Magic,Gaming & Media,Gaming & Media,,true,
devoted_health,Devoted Health,Healthcare & BioTech Tech,Healthcare & BioTech Tech | Startups & Unicorns,,true,
dv_trading,DV Trading,Quant Trading & HFT,Quant Trading & HFT,,true,
gap,Gap,"Retail, Logistics & Travel","Retail, Logistics & Travel",,true,
framework,Framework,Semiconductors & Hardware,Semiconductors & Hardware,,true,
culture_amp,Culture Amp,Startups & Unicorns,Startups & Unicorns,,true,
crusoe,Crusoe,AI & ML,AI & ML,,true,
deutsche_bank,Deutsche Bank,Banks & Financial Services,Banks & Financial Services,,true,
dropbox,Dropbox,Big Tech & Consumer,Big Tech & Consumer | Enterprise SaaS,,true,
cohesity,Cohesity,"Cloud, Infra & DevTools","Cloud, Infra & DevTools",,true,
fiscalnote,FiscalNote,"Consulting, GovTech & IT Services","Consulting, GovTech & IT Services",,true,
dragos,Dragos,Cybersecurity,Cybersecurity,,true,
firefly_aerospace,Firefly Aerospace,"Defense, Aerospace & Robotics","Defense, Aerospace & Robotics",,true,
form_energy,Form Energy,"Energy, Climate & Industrial Tech","Energy, Climate & Industrial Tech",,true,
demandbase,Demandbase,Enterprise SaaS,Enterprise SaaS,,true,
coinbase,Coinbase,Fintech & Payments,Fintech & Payments,,true,
insomniac_games,Insomniac Games,Gaming & Media,Gaming & Media,,true,
dexcom,Dexcom,Healthcare & BioTech Tech,Healthcare & BioTech Tech,,true,
engineers_gate,Engineers Gate,Quant Trading & HFT,Quant Trading & HFT,,true,
grubhub,Grubhub,"Retail, Logistics & Travel","Retail, Logistics & Travel",,true,
globalfoundries,GlobalFoundries,Semiconductors & Hardware,Semiconductors & Hardware,,true,
depop,Depop,Startups & Unicorns,Startups & Unicorns,,true,
cursor,Cursor,AI & ML,AI & ML,,true,
discover,Discover,Banks & Financial Services,Banks & Financial Services,,true,
duolingo,Duolingo,Big Tech & Consumer,Big Tech & Consumer,,true,
confluent,Confluent,"Cloud, Infra & DevTools","Cloud, Infra & DevTools",,true,
govini,Govini,"Consulting, GovTech & IT Services","Consulting, GovTech & IT Services",,true,
drata,Drata,Cybersecurity,Cybersecurity | Startups & Unicorns,,true,
formlabs,Formlabs,"Defense, Aerospace & Robotics","Defense, Aerospace & Robotics",,true,
ge_vernova,GE Vernova,"Energy, Climate & Industrial Tech","Energy, Climate & Industrial Tech",,true,
docusign,DocuSign,Enterprise SaaS,Enterprise SaaS,,true,
column,Column,Fintech & Payments,Fintech & Payments,,true,
jam_city,Jam City,Gaming & Media,Gaming & Media,,true,
doximity,Doximity,Healthcare & BioTech Tech,Healthcare & BioTech Tech,,true,
five_rings,Five Rings,Quant Trading & HFT,Quant Trading & HFT,,true,
hilton,Hilton,"Retail, Logistics & Travel","Retail, Logistics & Travel",,true,
gopro,GoPro,Semiconductors & Hardware,Semiconductors & Hardware,,true,
descope,Descope,Startups & Unicorns,Startups & Unicorns,,true,
databricks,Databricks,AI & ML,AI & ML,DBX,true,
dtcc,DTCC,Banks & Financial Services,Banks & Financial Services,,true,
ebay,eBay,Big Tech & Consumer,"Big Tech & Consumer | Retail, Logistics & Travel",,true,
coralogix,Coralogix,"Cloud, Infra & DevTools","Cloud, Infra & DevTools",,true,
granicus,Granicus,"Consulting, GovTech & IT Services","Consulting, GovTech & IT Services",,true,
duo_security,Duo Security,Cybersecurity,Cybersecurity,,true,
garmin,Garmin,"Defense, Aerospace & Robotics","Defense, Aerospace & Robotics | Semiconductors & Hardware",,true,
general_fusion,General Fusion,"Energy, Climate & Industrial Tech","Energy, Climate & Industrial Tech",,true,
drift,Drift,Enterprise SaaS,Enterprise SaaS,,true,
cross_river,Cross River,Fintech & Payments,Fintech & Payments,,true,
kabam,Kabam,Gaming & Media,Gaming & Media,,true,
elevance_health,Elevance Health,Healthcare & BioTech Tech,Healthcare & BioTech Tech,,true,
flow_traders,Flow Traders,Quant Trading & HFT,Quant Trading & HFT,,true,
home_depot,Home Depot,"Retail, Logistics & Travel","Retail, Logistics & Travel",,true,
graphcore,Graphcore,Semiconductors & Hardware,Semiconductors & Hardware,,true,
dialpad,Dialpad,Startups & Unicorns,Startups & Unicorns,,true,
datarobot,DataRobot,AI & ML,AI & ML,,true,
edward_jones,Edward Jones,Banks & Financial Services,Banks & Financial Services,,true,
etsy,Etsy,Big Tech & Consumer,"Big Tech & Consumer | Retail, Logistics & Travel",,true,
couchbase,Couchbase,"Cloud, Infra & DevTools","Cloud, Infra & DevTools",,true,
guidehouse,Guidehouse,"Consulting, GovTech & IT Services","Consulting, GovTech & IT Services",,true,
expel,Expel,Cybersecurity,Cybersecurity,,true,
gecko_robotics,Gecko Robotics,"Defense, Aerospace & Robotics","Defense, Aerospace & Robotics",,true,
general_motors,General Motors,"Energy, Climate & Industrial Tech","Energy, Climate & Industrial Tech | Semiconductors & Hardware",,true,
envoy,Envoy,Enterprise SaaS,Enterprise SaaS,,true,
current,Current,Fintech & Payments,Fintech & Payments,,true,
king,King,Gaming & Media,Gaming & Media,,true,
eli_lilly,Eli Lilly,Healthcare & BioTech Tech,Healthcare & BioTech Tech,,true,
gelber_group,Gelber Group,Quant Trading & HFT,Quant Trading & HFT,Gelber,true,
hopper,Hopper,"Retail, Logistics & Travel","Retail, Logistics & Travel",,true,
infineon,Infineon,Semiconductors & Hardware,Semiconductors & Hardware,,true,
doppler,Doppler,Startups & Unicorns,Startups & Unicorns,,true,
decagon,Decagon,AI & ML,AI & ML,,true,
evercore,Evercore,Banks & Financial Services,Banks & Financial Services,,true,
eventbrite,Eventbrite,Big Tech & Consumer,Big Tech & Consumer,,true,
cribl,Cribl,"Cloud, Infra & DevTools","Cloud, Infra & DevTools",,true,
hcltech,HCLTech,"Consulting, GovTech & IT Services","Consulting, GovTech & IT Services",,true,
extrahop,ExtraHop,Cybersecurity,Cybersecurity,,true,
general_dynamics,General Dynamics,"Defense, Aerospace & Robotics","Defense, Aerospace & Robotics",,true,
gridpoint,GridPoint,"Energy, Climate & Industrial Tech","Energy, Climate & Industrial Tech",,true,
epicor,Epicor,Enterprise SaaS,Enterprise SaaS,,true,
dave,Dave,Fintech & Payments,Fintech & Payments,,true,
konami,Konami,Gaming & Media,Gaming & Media,,true,
epic_systems,Epic Systems,Healthcare & BioTech Tech,Healthcare & BioTech Tech,Epic,true,
geneva_trading,Geneva Trading,Quant Trading & HFT,Quant Trading & HFT,,true,
hyatt,Hyatt,"Retail, Logistics & Travel","Retail, Logistics & Travel",,true,
kla,KLA,Semiconductors & Hardware,Semiconductors & Hardware,,true,
eppo,Eppo,Startups & Unicorns,Startups & Unicorns,,true,
deepl,DeepL,AI & ML,AI & ML,,true,
factset,FactSet,Banks & Financial Services,Banks & Financial Services,,true,
expedia_group,Expedia Group,Big Tech & Consumer,"Big Tech & Consumer | Retail, Logistics & Travel",Expedia,true,
cypress,Cypress,"Cloud, Infra & DevTools","Cloud, Infra & DevTools",,true,
icf,ICF,"Consulting, GovTech & IT Services","Consulting, GovTech & IT Services",,true,
fortinet,Fortinet,Cybersecurity,Cybersecurity,,true,
hadrian,Hadrian,"Defense, Aerospace & Robotics","Defense, Aerospace & Robotics",,true,
heirloom,Heirloom,"Energy, Climate & Industrial Tech","Energy, Climate & Industrial Tech",,true,
figma,Figma,Enterprise SaaS,Enterprise SaaS | Startups & Unicorns,,true,
deel,Deel,Fintech & Payments,Fintech & Payments | Startups & Unicorns,,true,
krafton,Krafton,Gaming & Media,Gaming & Media,,true,
exact_sciences,Exact Sciences,Healthcare & BioTech Tech,Healthcare & BioTech Tech,,true,
graham_capital,Graham Capital,Quant Trading & HFT,Quant Trading & HFT,,true,
jetblue,JetBlue,"Retail, Logistics & Travel","Retail, Logistics & Travel",,true,
lam_research,Lam Research,Semiconductors & Hardware,Semiconductors & Hardware,,true,
faire,Faire,Startups & Unicorns,Startups & Unicorns,,true,
descript,Descript,AI & ML,AI & ML | Startups & Unicorns,,true,
fannie_mae,Fannie Mae,Banks & Financial Services,Banks & Financial Services,,true,
fanatics,Fanatics,Big Tech & Consumer,Big Tech & Consumer,,true,
dagster,Dagster,"Cloud, Infra & DevTools","Cloud, Infra & DevTools",,true,
id_me,ID.me,"Consulting, GovTech & IT Services","Consulting, GovTech & IT Services",,true,
gitguardian,GitGuardian,Cybersecurity,Cybersecurity,,true,
honeywell_aerospace,Honeywell Aerospace,"Defense, Aerospace & Robotics","Defense, Aerospace & Robotics",,true,
helion_energy,Helion Energy,"Energy, Climate & Industrial Tech","Energy, Climate & Industrial Tech",,true,
flexe,Flexe,Enterprise SaaS,Enterprise SaaS,,true,
earnin,EarnIn,Fintech & Payments,Fintech & Payments,,true,
medium,Medium,Gaming & Media,Gaming & Media,,true,
flatiron_health,Flatiron Health,Healthcare & BioTech Tech,Healthcare & BioTech Tech,,true,
group_one_trading,Group One Trading,Quant Trading & HFT,Quant Trading & HFT,,true,
kayak,Kayak,"Retail, Logistics & Travel","Retail, Logistics & Travel",,true,
lattice_semiconductor,Lattice Semiconductor,Semiconductors & Hardware,Semiconductors & Hardware,,true,
finch,Finch,Startups & Unicorns,Startups & Unicorns,,true,
devin,Devin,AI & ML,AI & ML,,true,
fidelity_investments,Fidelity Investments,Banks & Financial Services,Banks & Financial Services,,true,
godaddy,GoDaddy,Big Tech & Consumer,Big Tech & Consumer,,true,
datadog,Datadog,"Cloud, Infra & DevTools","Cloud, Infra & DevTools",,true,
infosys,Infosys,"Consulting, GovTech & IT Services","Consulting, GovTech & IT Services",,true,
google_mandiant,Google Mandiant,Cybersecurity,Cybersecurity,,true,
iceye,Iceye,"Defense, Aerospace & Robotics","Defense, Aerospace & Robotics",,true,
honda,Honda,"Energy, Climate & Industrial Tech","Energy, Climate & Industrial Tech | Semiconductors & Hardware",,true,
flexport,Flexport,Enterprise SaaS,"Enterprise SaaS | Retail, Logistics & Travel | Startups & Unicorns",,true,
envestnet,Envestnet,Fintech & Payments,Fintech & Payments,,true,
mojang,Mojang,Gaming & Media,Gaming & Media,,true,
forward,Forward,Healthcare & BioTech Tech,Healthcare & BioTech Tech | Startups & Unicorns,,true,
gts,GTS,Quant Trading & HFT,Quant Trading & HFT,,true,
kohl_s,Kohl's,"Retail, Logistics & Travel","Retail, Logistics & Travel",,true,
lightelligence,Lightelligence,Semiconductors & Hardware,Semiconductors & Hardware,,true,
framer,Framer,Startups & Unicorns,Startups & Unicorns,,true,
elevenlabs,ElevenLabs,AI & ML,AI & ML,,true,
fifth_third_bank,Fifth Third Bank,Banks & Financial Services,Banks & Financial Services,,true,
goodreads,Goodreads,Big Tech & Consumer,Big Tech & Consumer,,true,
dbt_labs,dbt Labs,"Cloud, Infra & DevTools","Cloud, Infra & DevTools",dbt,true,
jpl,JPL,"Consulting, GovTech & IT Services","Consulting, GovTech & IT Services",,true,
greynoise,GreyNoise,Cybersecurity,Cybersecurity,,true,
john_deere,John Deere,"Defense, Aerospace & Robotics","Defense, Aerospace & Robotics | Energy, Climate & Industrial Tech",,true,
honeywell,Honeywell,"Energy, Climate & Industrial Tech","Energy, Climate & Industrial Tech",,true,
fourkites,FourKites,Enterprise SaaS,"Enterprise SaaS | Retail, Logistics & Travel",,true,
falconx,FalconX,Fintech & Payments,Fintech & Payments,,true,
naughty_dog,Naughty Dog,Gaming & Media,Gaming & Media,,true,
ge_healthcare,GE HealthCare,Healthcare & BioTech Tech,Healthcare & BioTech Tech,,true,
hap_capital,HAP Capital,Quant Trading & HFT,Quant Trading & HFT,,true,
kroger,Kroger,"Retail, Logistics & Travel","Retail, Logistics & Travel",,true,
lightmatter,Lightmatter,Semiconductors & Hardware,Semiconductors & Hardware,,true,
front,Front,Startups & Unicorns,Startups & Unicorns,,true,
figure_ai,Figure AI,AI & ML,"AI & ML | Defense, Aerospace & Robotics",Figure,true,
finra,FINRA,Banks & Financial Services,Banks & Financial Services,,true,
google,Google,Big Tech & Consumer,Big Tech & Consumer,Alphabet | GOOG,true,
digitalocean,DigitalOcean,"Cloud, Infra & DevTools","Cloud, Infra & DevTools",,true,
kpmg,KPMG,"Consulting, GovTech & IT Services","Consulting, GovTech & IT Services",,true,
hackerone,HackerOne,Cybersecurity,Cybersecurity,,true,
kodiak_robotics,Kodiak Robotics,"Defense, Aerospace & Robotics","Defense, Aerospace & Robotics",,true,
hyundai,Hyundai,"Energy, Climate & Industrial Tech","Energy, Climate & Industrial Tech",,true,
freshworks,Freshworks,Enterprise SaaS,Enterprise SaaS,,true,
figure,Figure,Fintech & Payments,Fintech & Payments,,true,
nbcuniversal,NBCUniversal,Gaming & Media,Gaming & Media,,true,
genentech,Genentech,Healthcare & BioTech Tech,Healthcare & BioTech Tech,,true,
headlands_technologies,Headlands Technologies,Quant Trading & HFT,Quant Trading & HFT,Headlands,true,
lowe_s,Lowe's,"Retail, Logistics & Travel","Retail, Logistics & Travel",,true,
logitech,Logitech,Semiconductors & Hardware,Semiconductors & Hardware,,true,
frontapp,FrontApp,Startups & Unicorns,Startups & Unicorns,,true,
fireworks_ai,Fireworks AI,AI & ML,AI & ML,Fireworks,true,
fitch_ratings,Fitch Ratings,Banks & Financial Services,Banks & Financial Services,,true,
hp,HP,Big Tech & Consumer,Big Tech & Consumer,,true,
docker,Docker,"Cloud, Infra & DevTools","Cloud, Infra & DevTools",,true,
lawrence_livermore_national_laboratory,Lawrence Livermore National Laboratory,"Consulting, GovTech & IT Services","Consulting, GovTech & IT Services",,true,
huntress,Huntress,Cybersecurity,Cybersecurity,,true,
komatsu,Komatsu,"Defense, Aerospace & Robotics","Defense, Aerospace & Robotics | Energy, Climate & Industrial Tech",,true,
kobold_metals,KoBold Metals,"Energy, Climate & Industrial Tech","Energy, Climate & Industrial Tech",,true,
fullstory,FullStory,Enterprise SaaS,Enterprise SaaS,,true,
fireblocks,Fireblocks,Fintech & Payments,Fintech & Payments,,true,
netflix_games,Netflix Games,Gaming & Media,Gaming & Media,,true,
generate_biomedicines,Generate Biomedicines,Healthcare & BioTech Tech,Healthcare & BioTech Tech,,true,
hudson_bay_capital,Hudson Bay Capital,Quant Trading & HFT,Quant Trading & HFT,,true,
lululemon,Lululemon,"Retail, Logistics & Travel","Retail, Logistics & Travel",,true,
marvell,Marvell,Semiconductors & Hardware,Semiconductors & Hardware,,true,
fusionauth,FusionAuth,Startups & Unicorns,Startups & Unicorns,,true,
freenome,Freenome,AI & ML,AI & ML | Healthcare & BioTech Tech,,true,
franklin_templeton,Franklin Templeton,Banks & Financial Services,Banks & Financial Services,,true,
hulu,Hulu,Big Tech & Consumer,Big Tech & Consumer,,true,
dremio,Dremio,"Cloud, Infra & DevTools","Cloud, Infra & DevTools",,true,
leidos,Leidos,"Consulting, GovTech & IT Services","Consulting, GovTech & IT Services | Defense, Aerospace & Robotics",,true,
illumio,Illumio,Cybersecurity,Cybersecurity,,true,
l3harris,L3Harris,"Defense, Aerospace & Robotics","Defense, Aerospace & Robotics",,true,
kraken_technologies,Kraken Technologies,"Energy, Climate & Industrial Tech","Energy, Climate & Industrial Tech",Kraken,true,
gainsight,Gainsight,Enterprise SaaS,Enterprise SaaS,,true,
fis,FIS,Fintech & Payments,Fintech & Payments,Fidelity National Information Services,true,
nexon,Nexon,Gaming & Media,Gaming & Media,,true,
gilead_sciences,Gilead Sciences,Healthcare & BioTech Tech,Healthcare & BioTech Tech,,true,
hudson_river_trading,Hudson River Trading,Quant Trading & HFT,Quant Trading & HFT,HRT,true,
macy_s,Macy's,"Retail, Logistics & Travel","Retail, Logistics & Travel",,true,
mediatek,MediaTek,Semiconductors & Hardware,Semiconductors & Hardware,,true,
goat,GOAT,Startups & Unicorns,Startups & Unicorns,,true,
gamma,Gamma,AI & ML,AI & ML,,true,
freddie_mac,Freddie Mac,Banks & Financial Services,Banks & Financial Services,,true,
ibm,IBM,Big Tech & Consumer,Big Tech & Consumer,,true,
elastic,Elastic,"Cloud, Infra & DevTools","Cloud, Infra & DevTools",,true,
lexisnexis,LexisNexis,"Consulting, GovTech & IT Services","Consulting, GovTech & IT Services",,true,
keeper_security,Keeper Security,Cybersecurity,Cybersecurity,,true,
lockheed_martin,Lockheed Martin,"Defense, Aerospace & Robotics","Defense, Aerospace & Robotics",,true,
lilac_solutions,Lilac Solutions,"Energy, Climate & Industrial Tech","Energy, Climate & Industrial Tech",,true,
gong,Gong,Enterprise SaaS,Enterprise SaaS,,true,
fiserv,Fiserv,Fintech & Payments,Fintech & Payments,,true,
niantic,Niantic,Gaming & Media,Gaming & Media,,true,
grail,GRAIL,Healthcare & BioTech Tech,Healthcare & BioTech Tech,,true,
imc_trading,IMC Trading,Quant Trading & HFT,Quant Trading & HFT,,true,
maersk,Maersk,"Retail, Logistics & Travel","Retail, Logistics & Travel",,true,
mercedes_benz_tech,Mercedes-Benz Tech,Semiconductors & Hardware,Semiconductors & Hardware,,true,
gopuff,Gopuff,Startups & Unicorns,Startups & Unicorns,,true,
genesis_therapeutics,Genesis Therapeutics,AI & ML,AI & ML,,true,
goldman_sachs,Goldman Sachs,Banks & Financial Services,Banks & Financial Services,GS,true,
imdb,IMDb,Big Tech & Consumer,Big Tech & Consumer,,true,
fastly,Fastly,"Cloud, Infra & DevTools","Cloud, Infra & DevTools",,true,
los_alamos_national_laboratory,Los Alamos National Laboratory,"Consulting, GovTech & IT Services","Consulting, GovTech & IT Services",,true,
lastpass,LastPass,Cybersecurity,Cybersecurity,,true,
loft_orbital,Loft Orbital,"Defense, Aerospace & Robotics","Defense, Aerospace & Robotics",,true,
lucid,Lucid,"Energy, Climate & Industrial Tech","Energy, Climate & Industrial Tech",,true,
heap,Heap,Enterprise SaaS,Enterprise SaaS,,true,
gemini,Gemini,Fintech & Payments,Fintech & Payments,,true,
nintendo,Nintendo,Gaming & Media,Gaming & Media,,true,
guardant_health,Guardant Health,Healthcare & BioTech Tech,Healthcare & BioTech Tech,,true,
jane_capital,Jane Capital,Quant Trading & HFT,Quant Trading & HFT,,true,
marriott,Marriott,"Retail, Logistics & Travel","Retail, Logistics & Travel",,true,
microchip_technology,Microchip Technology,Semiconductors & Hardware,Semiconductors & Hardware,Microchip,true,
grailed,Grailed,Startups & Unicorns,Startups & Unicorns,,true,
glean,Glean,AI & ML,AI & ML,,true,
houlihan_lokey,Houlihan Lokey,Banks & Financial Services,Banks & Financial Services,,true,
instacart,Instacart,Big Tech & Consumer,"Big Tech & Consumer | Retail, Logistics & Travel",,true,
fivetran,Fivetran,"Cloud, Infra & DevTools","Cloud, Infra & DevTools",,true,
mantech,ManTech,"Consulting, GovTech & IT Services","Consulting, GovTech & IT Services",,true,
mandiant,Mandiant,Cybersecurity,Cybersecurity,,true,
maxar,Maxar,"Defense, Aerospace & Robotics","Defense, Aerospace & Robotics",,true,
lucid_motors,Lucid Motors,"Energy, Climate & Industrial Tech","Energy, Climate & Industrial Tech | Semiconductors & Hardware",,true,
hootsuite,Hootsuite,Enterprise SaaS,Enterprise SaaS,,true,
global_payments,Global Payments,Fintech & Payments,Fintech & Payments,,true,
paramount,Paramount,Gaming & Media,Gaming & Media,,true,
headway,Headway,Healthcare & BioTech Tech,Healthcare & BioTech Tech,,true,
jane_street,Jane Street,Quant Trading & HFT,Quant Trading & HFT,JS,true,
mcdonald_s_tech_labs,McDonald's Tech Labs,"Retail, Logistics & Travel","Retail, Logistics & Travel",McDonald's Tech,true,
micron,Micron,Semiconductors & Hardware,Semiconductors & Hardware,,true,
guild,Guild,Startups & Unicorns,Startups & Unicorns,,true,
grammarly,Grammarly,AI & ML,AI & ML,,true,
hsbc,HSBC,Banks & Financial Services,Banks & Financial Services,,true,
intel,Intel,Big Tech & Consumer,Big Tech & Consumer | Semiconductors & Hardware,,true,
fly_io,Fly.io,"Cloud, Infra & DevTools","Cloud, Infra & DevTools | Startups & Unicorns",,true,
mathematica,Mathematica,"Consulting, GovTech & IT Services","Consulting, GovTech & IT Services",,true,
material_security,Material Security,Cybersecurity,Cybersecurity,,true,
may_mobility,May Mobility,"Defense, Aerospace & Robotics","Defense, Aerospace & Robotics",,true,
motive,Motive,"Energy, Climate & Industrial Tech","Energy, Climate & Industrial Tech | Enterprise SaaS | Startups & Unicorns",,true,
hotjar,Hotjar,Enterprise SaaS,Enterprise SaaS,,true,
greenlight,Greenlight,Fintech & Payments,Fintech & Payments,,true,
patreon,Patreon,Gaming & Media,Gaming & Media,,true,
hims_and_hers,Hims & Hers,Healthcare & BioTech Tech,Healthcare & BioTech Tech | Startups & Unicorns,,true,
jump_crypto,Jump Crypto,Quant Trading & HFT,Quant Trading & HFT,,true,
mgm_resorts,MGM Resorts,"Retail, Logistics & Travel","Retail, Logistics & Travel",,true,
monolithic_power_systems,Monolithic Power Systems,Semiconductors & Hardware,Semiconductors & Hardware,Monolithic Power,true,
handshake,Handshake,Startups & Unicorns,Startups & Unicorns,,true,
groq,Groq,AI & ML,AI & ML | Semiconductors & Hardware,,true,
huntington_bank,Huntington Bank,Banks & Financial Services,Banks & Financial Services,,true,
life360,Life360,Big Tech & Consumer,Big Tech & Consumer,,true,
github,GitHub,"Cloud, Infra & DevTools","Cloud, Infra & DevTools",,true,
maximus,Maximus,"Consulting, GovTech & IT Services","Consulting, GovTech & IT Services",,true,
mimecast,Mimecast,Cybersecurity,Cybersecurity,,true,
monarch_tractor,Monarch Tractor,"Defense, Aerospace & Robotics","Defense, Aerospace & Robotics",,true,
northvolt,Northvolt,"Energy, Climate & Industrial Tech","Energy, Climate & Industrial Tech",,true,
housecall_pro,Housecall Pro,Enterprise SaaS,Enterprise SaaS,,true,
gusto,Gusto,Fintech & Payments,Fintech & Payments,,true,
pixar,Pixar,Gaming & Media,Gaming & Media,,true,
hologic,Hologic,Healthcare & BioTech Tech,Healthcare & BioTech Tech,,true,
jump_trading,Jump Trading,Quant Trading & HFT,Quant Trading & HFT,,true,
nike,Nike,"Retail, Logistics & Travel","Retail, Logistics & Travel",,true,
mythic,Mythic,Semiconductors & Hardware,Semiconductors & Hardware,,true,
headspace,Headspace,Startups & Unicorns,Startups & Unicorns,,true,
harvey,Harvey,AI & ML,AI & ML,,true,
intercontinental_exchange,Intercontinental Exchange,Banks & Financial Services,Banks & Financial Services,,true,
linkedin,LinkedIn,Big Tech & Consumer,Big Tech & Consumer,,true,
gitlab,GitLab,"Cloud, Infra & DevTools","Cloud, Infra & DevTools",,true,
mckinsey_and_company,McKinsey & Company,"Consulting, GovTech & IT Services","Consulting, GovTech & IT Services",McKinsey &,true,
ncc_group,NCC Group,Cybersecurity,Cybersecurity,NCC,true,
motional,Motional,"Defense, Aerospace & Robotics","Defense, Aerospace & Robotics",,true,
octopus_energy,Octopus Energy,"Energy, Climate & Industrial Tech","Energy, Climate & Industrial Tech",,true,
hubspot,HubSpot,Enterprise SaaS,Enterprise SaaS,,true,
icapital,iCapital,Fintech & Payments,Fintech & Payments,,true,
playstation,PlayStation,Gaming & Media,Gaming & Media,,true,
humana,Humana,Healthcare & BioTech Tech,Healthcare & BioTech Tech,,true,
man_ahl,Man AHL,Quant Trading & HFT,Quant Trading & HFT,,true,
nordstrom,Nordstrom,"Retail, Logistics & Travel","Retail, Logistics & Travel",,true,
nxp_semiconductors,NXP Semiconductors,Semiconductors & Hardware,Semiconductors & Hardware,,true,
hex,Hex,Startups & Unicorns,Startups & Unicorns,,true,
hebbia,Hebbia,AI & ML,AI & ML,,true,
invesco,Invesco,Banks & Financial Services,Banks & Financial Services,,true,
lyft,Lyft,Big Tech & Consumer,Big Tech & Consumer,,true,
google_cloud,Google Cloud,"Cloud, Infra & DevTools","Cloud, Infra & DevTools",,true,
mitre,MITRE,"Consulting, GovTech & IT Services","Consulting, GovTech & IT Services",,true,
netskope,Netskope,Cybersecurity,Cybersecurity,,true,
northrop_grumman,Northrop Grumman,"Defense, Aerospace & Robotics","Defense, Aerospace & Robotics",,true,
palmetto,Palmetto,"Energy, Climate & Industrial Tech","Energy, Climate & Industrial Tech",,true,
infor,Infor,Enterprise SaaS,Enterprise SaaS,,true,
klarna,Klarna,Fintech & Payments,Fintech & Payments,,true,
pubg_studios,PUBG Studios,Gaming & Media,Gaming & Media,PUBG,true,
illumina,Illumina,Healthcare & BioTech Tech,Healthcare & BioTech Tech,,true,
marshall_wace,Marshall Wace,Quant Trading & HFT,Quant Trading & HFT,,true,
penske_logistics,Penske Logistics,"Retail, Logistics & Travel","Retail, Logistics & Travel",,true,
onsemi,Onsemi,Semiconductors & Hardware,Semiconductors & Hardware,,true,
hibob,HiBob,Startups & Unicorns,Startups & Unicorns,,true,
helsing,Helsing,AI & ML,"AI & ML | Defense, Aerospace & Robotics",,true,
jane_street_capital,Jane Street Capital,Banks & Financial Services,Banks & Financial Services,,true,
match_group,Match Group,Big Tech & Consumer,Big Tech & Consumer,Match,true,
grafana_labs,Grafana Labs,"Cloud, Infra & DevTools","Cloud, Infra & DevTools",Grafana,true,
nasa,NASA,"Consulting, GovTech & IT Services","Consulting, GovTech & IT Services",,true,
nozomi_networks,Nozomi Networks,Cybersecurity,Cybersecurity,,true,
nuro,Nuro,"Defense, Aerospace & Robotics","Defense, Aerospace & Robotics | Startups & Unicorns",,true,
patch,Patch,"Energy, Climate & Industrial Tech","Energy, Climate & Industrial Tech",,true,
intercom,Intercom,Enterprise SaaS,Enterprise SaaS,,true,
kraken,Kraken,Fintech & Payments,Fintech & Payments,,true,
respawn_entertainment,Respawn Entertainment,Gaming & Media,Gaming & Media,Respawn,true,
included_health,Included Health,Healthcare & BioTech Tech,Healthcare & BioTech Tech | Startups & Unicorns,,true,
maven_securities,Maven Securities,Quant Trading & HFT,Quant Trading & HFT,,true,
priceline,Priceline,"Retail, Logistics & Travel","Retail, Logistics & Travel",,true,
oura,Oura,Semiconductors & Hardware,Semiconductors & Hardware,,true,
hightouch,Hightouch,Startups & Unicorns,Startups & Unicorns,,true,
hippocratic_ai,Hippocratic AI,AI & ML,AI & ML,Hippocratic,true,
jefferies,Jefferies,Banks & Financial Services,Banks & Financial Services,,true,
meetup,Meetup,Big Tech & Consumer,Big Tech & Consumer,,true,
great_expectations,Great Expectations,"Cloud, Infra & DevTools","Cloud, Infra & DevTools",,true,
nsa,NSA,"Consulting, GovTech & IT Services","Consulting, GovTech & IT Services",,true,
palo_alto_networks,Palo Alto Networks,Cybersecurity,Cybersecurity,,true,
planet_labs,Planet Labs,"Defense, Aerospace & Robotics","Defense, Aerospace & Robotics",Planet,true,
persefoni,Persefoni,"Energy, Climate & Industrial Tech","Energy, Climate & Industrial Tech",,true,
iterable,Iterable,Enterprise SaaS,Enterprise SaaS,,true,
ledger,Ledger,Fintech & Payments,Fintech & Payments,,true,
riot_forge,Riot Forge,Gaming & Media,Gaming & Media,,true,
intuitive_surgical,Intuitive Surgical,Healthcare & BioTech Tech,Healthcare & BioTech Tech,,true,
millennium_management,Millennium Management,Quant Trading & HFT,Quant Trading & HFT,Millennium,true,
royal_caribbean,Royal Caribbean,"Retail, Logistics & Travel","Retail, Logistics & Travel",,true,
peloton,Peloton,Semiconductors & Hardware,Semiconductors & Hardware,,true,
infisical,Infisical,Startups & Unicorns,Startups & Unicorns,,true,
hugging_face,Hugging Face,AI & ML,AI & ML,,true,
jpmorgan_chase,JPMorgan Chase,Banks & Financial Services,Banks & Financial Services,Chase | JP Morgan | JPMC,true,
meta,Meta,Big Tech & Consumer,Big Tech & Consumer,FB | Facebook | Meta Platforms,true,
harness,Harness,"Cloud, Infra & DevTools","Cloud, Infra & DevTools",,true,
ntt_data,NTT DATA,"Consulting, GovTech & IT Services","Consulting, GovTech & IT Services",,true,
panther_labs,Panther Labs,Cybersecurity,Cybersecurity,Panther,true,
pony_ai,Pony.ai,"Defense, Aerospace & Robotics","Defense, Aerospace & Robotics",,true,
plug_power,Plug Power,"Energy, Climate & Industrial Tech","Energy, Climate & Industrial Tech",,true,
jobber,Jobber,Enterprise SaaS,Enterprise SaaS,,true,
lendingclub,LendingClub,Fintech & Payments,Fintech & Payments,,true,
riot_games,Riot Games,Gaming & Media,Gaming & Media,,true,
invitae,Invitae,Healthcare & BioTech Tech,Healthcare & BioTech Tech,,true,
old_mission,Old Mission,Quant Trading & HFT,Quant Trading & HFT,,true,
ryder,Ryder,"Retail, Logistics & Travel","Retail, Logistics & Travel",,true,
qorvo,Qorvo,Semiconductors & Hardware,Semiconductors & Hardware,,true,
instabase,Instabase,Startups & Unicorns,Startups & Unicorns,,true,
inflection_ai,Inflection AI,AI & ML,AI & ML,Inflection,true,
keybank,KeyBank,Banks & Financial Services,Banks & Financial Services,,true,
microsoft,Microsoft,Big Tech & Consumer,Big Tech & Consumer,MSFT,true,
hashicorp,HashiCorp,"Cloud, Infra & DevTools","Cloud, Infra & DevTools",,true,
oak_ridge_national_laboratory,Oak Ridge National Laboratory,"Consulting, GovTech & IT Services","Consulting, GovTech & IT Services",,true,
ping_identity,Ping Identity,Cybersecurity,Cybersecurity,,true,
raytheon,Raytheon,"Defense, Aerospace & Robotics","Defense, Aerospace & Robotics",,true,
quantumscape,QuantumScape,"Energy, Climate & Industrial Tech","Energy, Climate & Industrial Tech",,true,
justworks,Justworks,Enterprise SaaS,Enterprise SaaS,,true,
lithic,Lithic,Fintech & Payments,Fintech & Payments,,true,
rockstar_games,Rockstar Games,Gaming & Media,Gaming & Media,,true,
johnson_and_johnson,Johnson & Johnson,Healthcare & BioTech Tech,Healthcare & BioTech Tech,,true,
optiver,Optiver,Quant Trading & HFT,Quant Trading & HFT,,true,
southwest_airlines,Southwest Airlines,"Retail, Logistics & Travel","Retail, Logistics & Travel",,true,
rambus,Rambus,Semiconductors & Hardware,Semiconductors & Hardware,,true,
isovalent,Isovalent,Startups & Unicorns,Startups & Unicorns,,true,
insitro,Insitro,AI & ML,AI & ML | Healthcare & BioTech Tech,,true,
lazard,Lazard,Banks & Financial Services,Banks & Financial Services,,true,
mozilla,Mozilla,Big Tech & Consumer,Big Tech & Consumer,,true,
heroku,Heroku,"Cloud, Infra & DevTools","Cloud, Infra & DevTools",,true,
opengov,OpenGov,"Consulting, GovTech & IT Services","Consulting, GovTech & IT Services",,true,
proofpoint,Proofpoint,Cybersecurity,Cybersecurity,,true,
rebellion_defense,Rebellion Defense,"Defense, Aerospace & Robotics","Defense, Aerospace & Robotics",,true,
redwood_materials,Redwood Materials,"Energy, Climate & Industrial Tech","Energy, Climate & Industrial Tech",,true,
klaviyo,Klaviyo,Enterprise SaaS,Enterprise SaaS,,true,
marqeta,Marqeta,Fintech & Payments,Fintech & Payments,,true,
santa_monica_studio,Santa Monica Studio,Gaming & Media,Gaming & Media,,true,
labcorp,Labcorp,Healthcare & BioTech Tech,Healthcare & BioTech Tech,,true,
pdt_partners,PDT Partners,Quant Trading & HFT,Quant Trading & HFT,,true,
starbucks,Starbucks,"Retail, Logistics & Travel","Retail, Logistics & Travel",,true,
raspberry_pi,Raspberry Pi,Semiconductors & Hardware,Semiconductors & Hardware,,true,
lattice,Lattice,Startups & Unicorns,Startups & Unicorns,,true,
isomorphic_labs,Isomorphic Labs,AI & ML,AI & ML,Isomorphic,true,
london_stock_exchange_group,London Stock Exchange Group,Banks & Financial Services,Banks & Financial Services,London Stock Exchange,true,
netflix,Netflix,Big Tech & Consumer,Big Tech & Consumer,,true,
honeycomb,Honeycomb,"Cloud, Infra & DevTools","Cloud, Infra & DevTools",,true,
palantir,Palantir,"Consulting, GovTech & IT Services","Consulting, GovTech & IT Services | Defense, Aerospace & Robotics",PLTR,true,
qualys,Qualys,Cybersecurity,Cybersecurity,,true,
relativity_space,Relativity Space,"Defense, Aerospace & Robotics","Defense, Aerospace & Robotics",,true,
rivian,Rivian,"Energy, Climate & Industrial Tech","Energy, Climate & Industrial Tech | Semiconductors & Hardware",,true,
lucid_software,Lucid Software,Enterprise SaaS,Enterprise SaaS,Lucid,true,
melio,Melio,Fintech & Payments,Fintech & Payments,,true,
scopely,Scopely,Gaming & Media,Gaming & Media,,true,
lyra_health,Lyra Health,Healthcare & BioTech Tech,Healthcare & BioTech Tech | Startups & Unicorns,,true,
peak6,Peak6,Quant Trading & HFT,Quant Trading & HFT,,true,
target,Target,"Retail, Logistics & Travel","Retail, Logistics & Travel",,true,
renesas,Renesas,Semiconductors & Hardware,Semiconductors & Hardware,,true,
linear,Linear,Startups & Unicorns,Startups & Unicorns,,true,
jasper,Jasper,AI & ML,AI & ML,,true,
lseg,LSEG,Banks & Financial Services,Banks & Financial Services,London Stock Exchange Group,true,
nextdoor,Nextdoor,Big Tech & Consumer,Big Tech & Consumer,,true,
ibm_cloud,IBM Cloud,"Cloud, Infra & DevTools","Cloud, Infra & DevTools",,true,
peraton,Peraton,"Consulting, GovTech & IT Services","Consulting, GovTech & IT Services | Defense, Aerospace & Robotics",,true,
rapid7,Rapid7,Cybersecurity,Cybersecurity,,true,
rocket_lab,Rocket Lab,"Defense, Aerospace & Robotics","Defense, Aerospace & Robotics",,true,
rivian_autonomy,Rivian Autonomy,"Energy, Climate & Industrial Tech","Energy, Climate & Industrial Tech",,true,
mailchimp,Mailchimp,Enterprise SaaS,Enterprise SaaS,,true,
mercury,Mercury,Fintech & Payments,Fintech & Payments | Startups & Unicorns,,true,
sega,Sega,Gaming & Media,Gaming & Media,,true,
maven_clinic,Maven Clinic,Healthcare & BioTech Tech,Healthcare & BioTech Tech | Startups & Unicorns,,true,
point72,Point72,Quant Trading & HFT,Quant Trading & HFT,,true,
uber_eats,Uber Eats,"Retail, Logistics & Travel","Retail, Logistics & Travel",,true,
rivos,Rivos,Semiconductors & Hardware,Semiconductors & Hardware,,true,
looker,Looker,Startups & Unicorns,Startups & Unicorns,,true,
labelbox,Labelbox,AI & ML,AI & ML,,true,
mandt_bank,M&T Bank,Banks & Financial Services,Banks & Financial Services,,true,
nvidia,NVIDIA,Big Tech & Consumer,Big Tech & Consumer | Semiconductors & Hardware,,true,
jetbrains,JetBrains,"Cloud, Infra & DevTools","Cloud, Infra & DevTools",,true,
pwc,PwC,"Consulting, GovTech & IT Services","Consulting, GovTech & IT Services",,true,
recorded_future,Recorded Future,Cybersecurity,Cybersecurity,,true,
rockwell_automation,Rockwell Automation,"Defense, Aerospace & Robotics","Defense, Aerospace & Robotics | Energy, Climate & Industrial Tech",,true,
rivian_software,Rivian Software,"Energy, Climate & Industrial Tech","Energy, Climate & Industrial Tech",Rivian,true,
medallia,Medallia,Enterprise SaaS,Enterprise SaaS,,true,
modern_treasury,Modern Treasury,Fintech & Payments,Fintech & Payments,,true,
siriusxm,SiriusXM,Gaming & Media,Gaming & Media,,true,
medtronic,Medtronic,Healthcare & BioTech Tech,Healthcare & BioTech Tech,,true,
quantlab,Quantlab,Quant Trading & HFT,Quant Trading & HFT,,true,
uber_freight,Uber Freight,"Retail, Logistics & Travel","Retail, Logistics & Travel",,true,
samsung_semiconductor,Samsung Semiconductor,Semiconductors & Hardware,Semiconductors & Hardware,,true,
loom,Loom,Startups & Unicorns,Startups & Unicorns,,true,
lambda_labs,Lambda Labs,AI & ML,AI & ML,Lambda,true,
macquarie,Macquarie,Banks & Financial Services,Banks & Financial Services,,true,
oracle,Oracle,Big Tech & Consumer,Big Tech & Consumer,,true,
kong,Kong,"Cloud, Infra & DevTools","Cloud, Infra & DevTools",,true,
rand_corporation,RAND Corporation,"Consulting, GovTech & IT Services","Consulting, GovTech & IT Services",RAND,true,
red_canary,Red Canary,Cybersecurity,Cybersecurity,,true,
rtx,RTX,"Defense, Aerospace & Robotics","Defense, Aerospace & Robotics",Raytheon | Raytheon Technologies,true,
samsara,Samsara,"Energy, Climate & Industrial Tech","Energy, Climate & Industrial Tech | Enterprise SaaS | Startups & Unicorns",,true,
mindbody,Mindbody,Enterprise SaaS,Enterprise SaaS,,true,
moneygram,MoneyGram,Fintech & Payments,Fintech & Payments,,true,
sony_interactive_entertainment,Sony Interactive Entertainment,Gaming & Media,Gaming & Media,Sony Interactive,true,
merck,Merck,Healthcare & BioTech Tech,Healthcare & BioTech Tech,,true,
qube_research_and_technologies,Qube Research & Technologies,Quant Trading & HFT,Quant Trading & HFT,Qube Research &,true,
under_armour,Under Armour,"Retail, Logistics & Travel","Retail, Logistics & Travel",,true,
seagate,Seagate,Semiconductors & Hardware,Semiconductors & Hardware,,true,
loom_ai,Loom AI,Startups & Unicorns,Startups & Unicorns,Loom,true,
langchain,LangChain,AI & ML,AI & ML,,true,
mastercard,Mastercard,Banks & Financial Services,Banks & Financial Services,,true,
paypal,PayPal,Big Tech & Consumer,Big Tech & Consumer,,true,
kubernetes,Kubernetes,"Cloud, Infra & DevTools","Cloud, Infra & DevTools",,true,
relx,RELX,"Consulting, GovTech & IT Services","Consulting, GovTech & IT Services",,true,
resilience,Resilience,Cybersecurity,Cybersecurity,,true,
saronic,Saronic,"Defense, Aerospace & Robotics","Defense, Aerospace & Robotics",,true,
schneider_electric,Schneider Electric,"Energy, Climate & Industrial Tech","Energy, Climate & Industrial Tech",,true,
miro,Miro,Enterprise SaaS,Enterprise SaaS,,true,
mx,MX,Fintech & Payments,Fintech & Payments,,true,
soundcloud,SoundCloud,Gaming & Media,Gaming & Media,,true,
moderna,Moderna,Healthcare & BioTech Tech,Healthcare & BioTech Tech,,true,
radix_trading,Radix Trading,Quant Trading & HFT,Quant Trading & HFT,,true,
united_airlines,United Airlines,"Retail, Logistics & Travel","Retail, Logistics & Travel",,true,
siemens_eda,Siemens EDA,Semiconductors & Hardware,Semiconductors & Hardware,,true,
merge,Merge,Startups & Unicorns,Startups & Unicorns,,true,
llamaindex,LlamaIndex,AI & ML,AI & ML,,true,
mizuho,Mizuho,Banks & Financial Services,Banks & Financial Services,,true,
pinterest,Pinterest,Big Tech & Consumer,Big Tech & Consumer,,true,
lacework,Lacework,"Cloud, Infra & DevTools","Cloud, Infra & DevTools | Cybersecurity",,true,
saic,SAIC,"Consulting, GovTech & IT Services","Consulting, GovTech & IT Services | Defense, Aerospace & Robotics",,true,
sailpoint,SailPoint,Cybersecurity,Cybersecurity,,true,
scale_ai_defense,Scale AI Defense,"Defense, Aerospace & Robotics","Defense, Aerospace & Robotics",,true,
seeq,Seeq,"Energy, Climate & Industrial Tech","Energy, Climate & Industrial Tech",,true,
mixpanel,Mixpanel,Enterprise SaaS,Enterprise SaaS,,true,
navan,Navan,Fintech & Payments,"Fintech & Payments | Retail, Logistics & Travel",,true,
square_enix,Square Enix,Gaming & Media,Gaming & Media,,true,
natera,Natera,Healthcare & BioTech Tech,Healthcare & BioTech Tech,,true,
renaissance_technologies,Renaissance Technologies,Quant Trading & HFT,Quant Trading & HFT,Renaissance,true,
universal_destinations,Universal Destinations,"Retail, Logistics & Travel","Retail, Logistics & Travel",,true,
sifive,SiFive,Semiconductors & Hardware,Semiconductors & Hardware,,true,
metabase,Metabase,Startups & Unicorns,Startups & Unicorns,,true,
luma_ai,Luma AI,AI & ML,AI & ML,Luma,true,
moelis,Moelis,Banks & Financial Services,Banks & Financial Services,,true,
qualcomm,Qualcomm,Big Tech & Consumer,Big Tech & Consumer | Semiconductors & Hardware,,true,
launchdarkly,LaunchDarkly,"Cloud, Infra & DevTools","Cloud, Infra & DevTools | Startups & Unicorns",,true,
sandia_national_laboratories,Sandia National Laboratories,"Consulting, GovTech & IT Services","Consulting, GovTech & IT Services",,true,
secureframe,Secureframe,Cybersecurity,Cybersecurity,,true,
serve_robotics,Serve Robotics,"Defense, Aerospace & Robotics","Defense, Aerospace & Robotics",,true,
siemens,Siemens,"Energy, Climate & Industrial Tech","Energy, Climate & Industrial Tech",,true,
monday_com,Monday.com,Enterprise SaaS,Enterprise SaaS,,true,
ncino,nCino,Fintech & Payments,Fintech & Payments,,true,
substack,Substack,Gaming & Media,Gaming & Media,,true,
novartis,Novartis,Healthcare & BioTech Tech,Healthcare & BioTech Tech,,true,
schonfeld,Schonfeld,Quant Trading & HFT,Quant Trading & HFT,,true,
ups,UPS,"Retail, Logistics & Travel","Retail, Logistics & Travel",,true,
silicon_labs,Silicon Labs,Semiconductors & Hardware,Semiconductors & Hardware,Silicon,true,
mode,Mode,Startups & Unicorns,Startups & Unicorns,,true,
magic,Magic,AI & ML,AI & ML,,true,
moody_s,Moody's,Banks & Financial Services,Banks & Financial Services,,true,
reddit,Reddit,Big Tech & Consumer,Big Tech & Consumer,,true,
linearb,LinearB,"Cloud, Infra & DevTools","Cloud, Infra & DevTools",,true,
slalom,Slalom,"Consulting, GovTech & IT Services","Consulting, GovTech & IT Services",,true,
semgrep,Semgrep,Cybersecurity,Cybersecurity,,true,
sierra_space,Sierra Space,"Defense, Aerospace & Robotics","Defense, Aerospace & Robotics",,true,
solaredge,SolarEdge,"Energy, Climate & Industrial Tech","Energy, Climate & Industrial Tech",,true,
mparticle,mParticle,Enterprise SaaS,Enterprise SaaS,,true,
nubank,Nubank,Fintech & Payments,Fintech & Payments,,true,
supercell,Supercell,Gaming & Media,Gaming & Media,,true,
one_medical,One Medical,Healthcare & BioTech Tech,Healthcare & BioTech Tech,,true,
schonfeld_fundamental_equity,Schonfeld Fundamental Equity,Quant Trading & HFT,Quant Trading & HFT,,true,
vrbo,Vrbo,"Retail, Logistics & Travel","Retail, Logistics & Travel",,true,
skyworks,Skyworks,Semiconductors & Hardware,Semiconductors & Hardware,,true,
modern_health,Modern Health,Startups & Unicorns,Startups & Unicorns,,true,
midjourney,Midjourney,AI & ML,AI & ML,,true,
morgan_stanley,Morgan Stanley,Banks & Financial Services,Banks & Financial Services,MS,true,
ring,Ring,Big Tech & Consumer,Big Tech & Consumer,,true,
linode,Linode,"Cloud, Infra & DevTools","Cloud, Infra & DevTools",,true,
socure,Socure,"Consulting, GovTech & IT Services","Consulting, GovTech & IT Services",,true,
sentinelone,SentinelOne,Cybersecurity,Cybersecurity,,true,
skydio,Skydio,"Defense, Aerospace & Robotics","Defense, Aerospace & Robotics",,true,
solid_power,Solid Power,"Energy, Climate & Industrial Tech","Energy, Climate & Industrial Tech",,true,
notion,Notion,Enterprise SaaS,Enterprise SaaS | Startups & Unicorns,,true,
payoneer,Payoneer,Fintech & Payments,Fintech & Payments,,true,
take_two_interactive,Take-Two Interactive,Gaming & Media,Gaming & Media,Take-Two,true,
optum,Optum,Healthcare & BioTech Tech,Healthcare & BioTech Tech,,true,
schonfeld_strategic_advisors,Schonfeld Strategic Advisors,Quant Trading & HFT,Quant Trading & HFT,,true,
walmart_global_tech,Walmart Global Tech,"Retail, Logistics & Travel","Retail, Logistics & Travel",,true,
sonos,Sonos,Semiconductors & Hardware,Semiconductors & Hardware,,true,
motherduck,MotherDuck,Startups & Unicorns,Startups & Unicorns,,true,
milvus,Milvus,AI & ML,AI & ML,,true,
morningstar,Morningstar,Banks & Financial Services,Banks & Financial Services,,true,
ringcentral,RingCentral,Big Tech & Consumer,Big Tech & Consumer,,true,
matillion,Matillion,"Cloud, Infra & DevTools","Cloud, Infra & DevTools",,true,
tata_consultancy_services,Tata Consultancy Services,"Consulting, GovTech & IT Services","Consulting, GovTech & IT Services",,true,
sonatype,Sonatype,Cybersecurity,Cybersecurity,,true,
spacex,SpaceX,"Defense, Aerospace & Robotics","Defense, Aerospace & Robotics",,true,
stem,Stem,"Energy, Climate & Industrial Tech","Energy, Climate & Industrial Tech",,true,
outreach,Outreach,Enterprise SaaS,Enterprise SaaS,,true,
persona,Persona,Fintech & Payments,Fintech & Payments,,true,
the_athletic,The Athletic,Gaming & Media,Gaming & Media,,true,
oracle_health,Oracle Health,Healthcare & BioTech Tech,Healthcare & BioTech Tech,,true,
sig,SIG,Quant Trading & HFT,Quant Trading & HFT,,true,
yum_brands,Yum Brands,"Retail, Logistics & Travel","Retail, Logistics & Travel",,true,
stellantis,Stellantis,Semiconductors & Hardware,Semiconductors & Hardware,,true,
multiverse,Multiverse,Startups & Unicorns,Startups & Unicorns,,true,
mistral_ai,Mistral AI,AI & ML,AI & ML,Mistral,true,
mufg,MUFG,Banks & Financial Services,Banks & Financial Services,,true,
roblox,Roblox,Big Tech & Consumer,Big Tech & Consumer | Gaming & Media,,true,
microsoft_azure,Microsoft Azure,"Cloud, Infra & DevTools","Cloud, Infra & DevTools",,true,
tcs,TCS,"Consulting, GovTech & IT Services","Consulting, GovTech & IT Services",,true,
splunk_security,Splunk Security,Cybersecurity,Cybersecurity,,true,
starship_technologies,Starship Technologies,"Defense, Aerospace & Robotics","Defense, Aerospace & Robotics",Starship,true,
sunnova,Sunnova,"Energy, Climate & Industrial Tech","Energy, Climate & Industrial Tech",,true,
paycom,Paycom,Enterprise SaaS,Enterprise SaaS,,true,
plaid,Plaid,Fintech & Payments,Fintech & Payments,,true,
the_new_york_times,The New York Times,Gaming & Media,Gaming & Media,,true,
oscar_health,Oscar Health,Healthcare & BioTech Tech,Healthcare & BioTech Tech | Startups & Unicorns,,true,
squarepoint_capital,Squarepoint Capital,Quant Trading & HFT,Quant Trading & HFT,,true,
stmicroelectronics,STMicroelectronics,Semiconductors & Hardware,Semiconductors & Hardware,,true,
mutiny,Mutiny,Startups & Unicorns,Startups & Unicorns,,true,
modal,Modal,AI & ML,AI & ML,,true,
nasdaq,Nasdaq,Banks & Financial Services,Banks & Financial Services,,true,
roku,Roku,Big Tech & Consumer,Big Tech & Consumer,,true,
mongodb,MongoDB,"Cloud, Infra & DevTools","Cloud, Infra & DevTools",,true,
the_aerospace_corporation,The Aerospace Corporation,"Consulting, GovTech & IT Services","Consulting, GovTech & IT Services",The Aerospace,true,
stellar_cyber,Stellar Cyber,Cybersecurity,Cybersecurity,,true,
torc_robotics,Torc Robotics,"Defense, Aerospace & Robotics","Defense, Aerospace & Robotics",,true,
sunrun,Sunrun,"Energy, Climate & Industrial Tech","Energy, Climate & Industrial Tech",,true,
paylocity,Paylocity,Enterprise SaaS,Enterprise SaaS,,true,
public,Public,Fintech & Payments,Fintech & Payments,,true,
ubisoft,Ubisoft,Gaming & Media,Gaming & Media,,true,
pfizer,Pfizer,Healthcare & BioTech Tech,Healthcare & BioTech Tech,,true,
sun_trading,Sun Trading,Quant Trading & HFT,Quant Trading & HFT,,true,
synopsys,Synopsys,Semiconductors & Hardware,Semiconductors & Hardware,,true,
mux,Mux,Startups & Unicorns,Startups & Unicorns,,true,
mosaicml,MosaicML,AI & ML,AI & ML,,true,
nomura,Nomura,Banks & Financial Services,Banks & Financial Services,,true,
salesforce,Salesforce,Big Tech & Consumer,Big Tech & Consumer,SFDC,true,
monte_carlo_data,Monte Carlo Data,"Cloud, Infra & DevTools","Cloud, Infra & DevTools",,true,
thomson_reuters,Thomson Reuters,"Consulting, GovTech & IT Services","Consulting, GovTech & IT Services",,true,
sumo_logic,Sumo Logic,Cybersecurity,Cybersecurity,,true,
